"obs","survived","pclass","sex","age","sibsp","parch","fare","embarked","solo"
"R1",0,"1st","male",24,0,0,79.1999969,"Cherbourg",1
"R2",1,"2nd","female",24,0,0,13,"Southampton",1
"R3",0,"3rd","male",18,1,1,20.2124996,"Southampton",0
"R4",0,"1st","male",24,1,0,60,"Southampton",0
"R5",0,"3rd","female",9,4,2,31.2749996,"Southampton",0
"R6",0,"2nd","male",49,1,2,65,"Southampton",0
"R7",1,"1st","male",48,0,0,26.5499992,"Southampton",1
"R8",0,"2nd","female",22,0,0,21,"Southampton",1
"R9",1,"2nd","female",32.5,0,0,13,"Southampton",1
"R10",1,"1st","female",33,1,0,90,"Queenstown",0
"R11",1,"3rd","male",32,0,0,56.4958,"Southampton",1
"R12",0,"1st","male",67,1,0,221.779205,"Southampton",0
"R13",1,"3rd","female",16,0,0,7.73330021,"Queenstown",1
"R14",0,"3rd","male",32.89787305,0,0,7.75,"Queenstown",1
"R15",0,"3rd","male",38,0,0,7.05000019,"Southampton",1
"R16",1,"1st","female",22,1,0,66.5999985,"Southampton",0
"R17",1,"2nd","male",3,1,1,18.75,"Southampton",0
"R18",1,"3rd","male",36.5,1,0,17.3999996,"Southampton",0
"R19",1,"2nd","male",24,0,0,10.5,"Southampton",1
"R20",0,"3rd","male",28.3087214,0,0,7.89580011,"Southampton",1
"R21",0,"3rd","male",18,0,0,7.75,"Southampton",1
"R22",1,"1st","female",58,0,1,153.462494,"Southampton",0
"R23",0,"3rd","male",32.89787305,0,0,7.75,"Queenstown",1
"R24",0,"3rd","male",26,1,0,14.4541998,"Cherbourg",0
"R25",1,"1st","male",25,1,0,91.0792007,"Cherbourg",0
"R26",0,"3rd","male",29.30449648,1,0,16.1000004,"Southampton",0
"R27",0,"3rd","male",26,0,0,7.88749981,"Southampton",1
"R28",0,"3rd","male",28.3087214,0,0,7.89580011,"Southampton",1
"R29",1,"2nd","male",32,1,0,26,"Southampton",0
"R30",0,"3rd","male",19,0,0,0,"Southampton",1
"R31",0,"1st","male",19,3,2,263,"Southampton",0
"R32",0,"3rd","female",24.53010458,0,0,8.05000019,"Southampton",1
"R33",1,"2nd","male",2,1,1,23,"Southampton",0
"R34",0,"1st","male",29,0,0,30,"Southampton",1
"R35",0,"3rd","male",21,0,0,7.92500019,"Southampton",1
"R36",0,"3rd","female",8.030947356,3,1,25.4666996,"Southampton",0
"R37",1,"3rd","male",12,1,0,11.2417002,"Cherbourg",0
"R38",0,"3rd","male",35,0,0,7.89580011,"Southampton",1
"R39",1,"2nd","female",30,0,0,13,"Southampton",1
"R40",0,"3rd","male",38,0,0,8.66250038,"Southampton",1
"R41",0,"3rd","male",7,4,1,39.6875,"Southampton",0
"R42",1,"3rd","female",24.64178708,0,0,7.75,"Queenstown",1
"R43",0,"3rd","male",25,0,0,7.25,"Southampton",1
"R44",1,"3rd","female",24.03332354,0,0,15.5,"Queenstown",1
"R45",0,"1st","male",42,0,0,26.5499992,"Southampton",1
"R46",0,"1st","female",36,0,0,31.6791992,"Cherbourg",1
"R47",1,"3rd","male",21,0,0,7.7750001,"Southampton",1
"R48",0,"3rd","female",28.98645715,0,2,15.2458,"Cherbourg",0
"R49",1,"2nd","female",28,0,0,12.6499996,"Southampton",1
"R50",0,"2nd","male",35,0,0,10.5,"Southampton",1
"R51",1,"3rd","male",4,1,1,11.1332998,"Southampton",0
"R52",0,"3rd","male",24,0,0,9.5,"Southampton",1
"R53",1,"2nd","female",48,0,2,36.75,"Southampton",0
"R54",0,"2nd","male",40,0,0,13,"Southampton",1
"R55",1,"2nd","female",28,1,0,26,"Southampton",0
"R56",1,"3rd","female",24.21327665,0,0,7.87919998,"Queenstown",1
"R57",0,"3rd","male",30.2923353,0,0,7.7249999,"Queenstown",1
"R58",1,"2nd","female",2,1,1,26,"Southampton",0
"R59",1,"1st","female",55,0,0,135.633301,"Cherbourg",1
"R60",1,"1st","female",16,0,1,57.9791985,"Cherbourg",0
"R61",1,"1st","male",4,0,2,81.8582993,"Southampton",0
"R62",0,"1st","male",50,1,0,55.9000015,"Southampton",0
"R63",1,"3rd","female",24,0,2,16.7000008,"Southampton",0
"R64",0,"2nd","male",24,2,0,73.5,"Southampton",0
"R65",0,"2nd","male",34.58418323,0,0,0,"Southampton",1
"R66",0,"2nd","male",28,0,0,13,"Southampton",1
"R67",1,"2nd","female",36,1,0,26,"Southampton",0
"R68",1,"3rd","male",6.996944971,1,1,15.2458,"Cherbourg",0
"R69",1,"3rd","female",17,0,1,16.1000004,"Southampton",0
"R70",0,"2nd","male",23,0,0,13,"Southampton",1
"R71",0,"3rd","male",23,0,0,9.22500038,"Southampton",1
"R72",1,"2nd","female",29,1,0,26,"Southampton",0
"R73",0,"2nd","female",18,1,1,13,"Southampton",0
"R74",0,"3rd","male",28,0,0,9.5,"Southampton",1
"R75",1,"1st","male",49,1,0,56.9291992,"Cherbourg",0
"R76",0,"3rd","male",1,4,1,39.6875,"Southampton",0
"R77",1,"2nd","female",30,0,0,12.3500004,"Queenstown",1
"R78",0,"3rd","male",50,1,0,14.5,"Southampton",0
"R79",0,"3rd","male",32.29941131,1,0,24.1499996,"Queenstown",0
"R80",0,"3rd","male",30,0,0,7.25,"Southampton",1
"R81",0,"3rd","male",24,0,0,7.85419989,"Southampton",1
"R82",0,"2nd","male",18,0,0,10.5,"Southampton",1
"R83",1,"3rd","male",0.833299994,0,1,9.35000038,"Southampton",0
"R84",0,"3rd","male",26.5,0,0,7.2249999,"Cherbourg",1
"R85",0,"3rd","female",45,1,4,27.8999996,"Southampton",0
"R86",1,"3rd","female",29,0,2,15.2458,"Cherbourg",0
"R87",0,"2nd","male",42,0,0,13,"Southampton",1
"R88",1,"1st","female",45,1,0,52.5541992,"Southampton",0
"R89",1,"1st","female",22,0,1,61.9791985,"Cherbourg",0
"R90",0,"3rd","male",35,0,0,7.05000019,"Southampton",1
"R91",0,"2nd","male",28,0,0,26,"Southampton",1
"R92",0,"1st","male",30,0,0,26,"Southampton",1
"R93",1,"2nd","female",31,1,1,26.25,"Southampton",0
"R94",1,"2nd","male",34,0,0,13,"Southampton",1
"R95",0,"3rd","female",18,0,1,14.4541998,"Cherbourg",0
"R96",0,"3rd","male",40.5,0,0,7.75,"Queenstown",1
"R97",0,"1st","male",47,0,0,25.5874996,"Southampton",1
"R98",0,"3rd","female",28,0,0,7.89580011,"Southampton",1
"R99",0,"1st","male",25,0,0,26,"Cherbourg",1
"R100",0,"2nd","male",24,2,0,31.5,"Southampton",0
"R101",0,"3rd","male",18.5,0,0,7.22919989,"Cherbourg",1
"R102",1,"3rd","male",39,0,0,7.92500019,"Southampton",1
"R103",1,"2nd","female",28,0,0,13,"Southampton",1
"R104",0,"3rd","male",61,0,0,6.23750019,"Southampton",1
"R105",0,"3rd","female",9,2,2,34.375,"Southampton",0
"R106",0,"2nd","male",54,0,0,26,"Southampton",1
"R107",0,"3rd","female",18,2,0,18,"Southampton",0
"R108",0,"1st","male",24,0,1,247.520798,"Cherbourg",0
"R109",1,"3rd","female",22,1,1,12.2875004,"Southampton",0
"R110",0,"3rd","male",13,0,2,20.25,"Southampton",0
"R111",0,"3rd","male",21,0,0,8.43330002,"Southampton",1
"R112",1,"1st","male",38,1,0,90,"Southampton",0
"R113",0,"3rd","male",18,2,2,34.375,"Southampton",0
"R114",0,"3rd","male",28.3087214,0,0,7.89580011,"Southampton",1
"R115",1,"2nd","male",20,0,0,13.8625002,"Cherbourg",1
"R116",0,"3rd","male",28.42425189,0,0,8.05000019,"Southampton",1
"R117",0,"3rd","male",28,0,0,56.4958,"Southampton",1
"R118",0,"2nd","male",27,0,0,26,"Southampton",1
"R119",0,"3rd","female",22,0,0,10.5166998,"Southampton",1
"R120",0,"3rd","male",19,0,0,7.89580011,"Southampton",1
"R121",0,"2nd","male",34.58418323,0,0,0,"Southampton",1
"R122",0,"3rd","male",20,0,0,4.01249981,"Cherbourg",1
"R123",0,"1st","male",36,0,0,75.2416992,"Cherbourg",1
"R124",0,"3rd","male",22,0,0,7.22919989,"Cherbourg",1
"R125",0,"3rd","female",40,1,0,9.47500038,"Southampton",0
"R126",1,"3rd","female",23,0,0,7.85419989,"Southampton",1
"R127",0,"1st","male",64,1,4,263,"Southampton",0
"R128",1,"3rd","female",19.8140765,1,0,24.1499996,"Queenstown",0
"R129",1,"3rd","female",29.62030126,1,0,16.1000004,"Southampton",0
"R130",0,"3rd","male",34,0,0,8.05000019,"Southampton",1
"R131",0,"1st","male",61,0,0,32.3208008,"Southampton",1
"R132",0,"1st","male",31,0,0,50.4958,"Southampton",1
"R133",0,"3rd","female",23.96340735,0,0,7.55000019,"Southampton",1
"R134",0,"3rd","male",37,2,0,7.92500019,"Southampton",0
"R135",0,"3rd","male",29.88004539,0,0,6.4375,"Cherbourg",1
"R136",1,"3rd","female",22,0,0,7.7249999,"Queenstown",1
"R137",1,"3rd","male",9,0,1,3.17079997,"Southampton",0
"R138",1,"1st","female",46.2966633,0,0,31.6833,"Southampton",1
"R139",0,"1st","male",28.5,0,0,27.7208004,"Cherbourg",1
"R140",1,"3rd","male",30.82150529,0,0,56.4958,"Southampton",1
"R141",0,"3rd","male",28.42425189,0,0,8.05000019,"Southampton",1
"R142",1,"3rd","female",28.98645715,0,2,15.2458,"Cherbourg",0
"R143",0,"2nd","male",42,1,0,27,"Southampton",0
"R144",1,"3rd","male",25,0,0,7.6500001,"Southampton",1
"R145",0,"1st","male",47,0,0,52,"Southampton",1
"R146",0,"2nd","male",25,1,0,26,"Southampton",0
"R147",0,"2nd","male",34.58418323,0,0,0,"Southampton",1
"R148",0,"2nd","male",24,0,0,10.5,"Southampton",1
"R149",0,"2nd","male",29,1,0,27.7208004,"Cherbourg",0
"R150",1,"3rd","female",24.64178708,0,0,7.75,"Queenstown",1
"R151",0,"3rd","male",20.37112736,8,2,69.5500031,"Southampton",0
"R152",1,"1st","male",35,0,0,512.329224,"Cherbourg",1
"R153",0,"3rd","male",21,0,0,8.05000019,"Southampton",1
"R154",0,"3rd","female",30,1,0,15.5500002,"Southampton",0
"R155",0,"3rd","male",34,0,0,6.49580002,"Southampton",1
"R156",0,"3rd","male",21,0,0,7.85419989,"Southampton",1
"R157",0,"3rd","female",25,0,0,7.7750001,"Southampton",1
"R158",0,"3rd","male",42,0,0,8.66250038,"Southampton",1
"R159",1,"2nd","female",24,1,1,37.0042,"Cherbourg",0
"R160",0,"2nd","female",24,0,0,13,"Southampton",1
"R161",0,"2nd","male",51,0,0,12.5249996,"Southampton",1
"R162",1,"1st","female",39,0,0,108.900002,"Cherbourg",1
"R163",0,"2nd","male",22,2,0,31.5,"Southampton",0
"R164",0,"3rd","male",27,0,0,8.66250038,"Southampton",1
"R165",0,"3rd","male",31.57560988,0,0,7.87919998,"Queenstown",1
"R166",0,"3rd","male",20.37112736,8,2,69.5500031,"Southampton",0
"R167",1,"1st","female",40,0,0,153.462494,"Southampton",1
"R168",0,"3rd","male",28.96514966,0,0,7.25,"Southampton",1
"R169",1,"2nd","female",17,0,0,10.5,"Southampton",1
"R170",0,"3rd","female",8.030947356,3,1,25.4666996,"Southampton",0
"R171",1,"3rd","female",19,1,0,7.85419989,"Southampton",0
"R172",0,"2nd","male",34,1,0,26,"Southampton",0
"R173",1,"2nd","female",41,0,1,19.5,"Southampton",0
"R174",0,"3rd","male",19,0,0,10.1708002,"Southampton",1
"R175",0,"2nd","male",18.5,0,0,13,"Southampton",1
"R176",1,"1st","female",60,1,4,263,"Southampton",0
"R177",1,"2nd","male",29,0,0,13.8583002,"Cherbourg",1
"R178",0,"3rd","female",28,1,1,14.3999996,"Southampton",0
"R179",0,"1st","male",22,0,0,135.633301,"Cherbourg",1
"R180",0,"3rd","male",28.01836642,0,0,7.2249999,"Cherbourg",1
"R181",0,"3rd","male",6.416285906,1,2,23.4500008,"Southampton",0
"R182",0,"2nd","male",63,1,0,26,"Southampton",0
"R183",0,"3rd","male",17,0,0,8.66250038,"Southampton",1
"R184",1,"1st","female",29,0,0,211.337494,"Southampton",1
"R185",0,"3rd","male",22,0,0,8.05000019,"Southampton",1
"R186",0,"1st","male",27,0,2,211.5,"Cherbourg",0
"R187",0,"1st","male",30,1,2,151.550003,"Southampton",0
"R188",0,"2nd","male",28,0,0,10.5,"Southampton",1
"R189",0,"3rd","male",28,0,0,7.89580011,"Southampton",1
"R190",0,"3rd","male",38,0,0,7.89580011,"Southampton",1
"R191",1,"3rd","male",32,0,0,7.85419989,"Southampton",1
"R192",1,"1st","female",39,0,0,211.337494,"Southampton",1
"R193",0,"1st","male",28,1,0,82.1707993,"Cherbourg",0
"R194",1,"1st","female",35,1,0,52,"Southampton",0
"R195",0,"3rd","female",24,0,0,7.75,"Queenstown",1
"R196",1,"1st","female",18,1,0,227.524994,"Cherbourg",0
"R197",1,"1st","male",31,1,0,57,"Southampton",0
"R198",1,"1st","male",41.95579549,0,0,39.5999985,"Southampton",1
"R199",0,"3rd","male",21,0,0,8.05000019,"Southampton",1
"R200",0,"3rd","female",10,0,2,24.1499996,"Southampton",0
"R201",0,"2nd","male",32.5,1,0,30.0708008,"Cherbourg",0
"R202",1,"3rd","male",26,0,0,18.7875004,"Cherbourg",1
"R203",1,"1st","female",58,0,0,146.520798,"Cherbourg",1
"R204",0,"3rd","female",2,3,2,27.8999996,"Southampton",0
"R205",0,"1st","male",47,0,0,38.5,"Southampton",1
"R206",0,"2nd","male",19,0,0,10.5,"Southampton",1
"R207",0,"3rd","male",21,0,0,8.66250038,"Southampton",1
"R208",1,"2nd","female",15,0,2,39,"Southampton",0
"R209",1,"3rd","female",30.27176838,1,0,15.5,"Queenstown",0
"R210",1,"1st","male",51,0,0,26.5499992,"Southampton",1
"R211",0,"3rd","male",20.5,0,0,7.25,"Southampton",1
"R212",1,"2nd","female",7,0,2,26.25,"Southampton",0
"R213",1,"2nd","female",12,0,0,15.75,"Southampton",1
"R214",1,"1st","female",48,1,1,79.1999969,"Cherbourg",0
"R215",0,"2nd","male",32,2,0,73.5,"Southampton",0
"R216",1,"2nd","female",14,1,0,30.0708008,"Cherbourg",0
"R217",1,"3rd","female",19.46062963,1,0,15.5,"Queenstown",0
"R218",0,"3rd","male",21,1,0,6.49580002,"Southampton",0
"R219",0,"3rd","male",19,0,0,7.7750001,"Southampton",1
"R220",0,"3rd","male",17,0,0,8.66250038,"Southampton",1
"R221",1,"1st","female",43,1,0,55.4417,"Cherbourg",0
"R222",0,"2nd","male",41,0,0,15.0458002,"Cherbourg",1
"R223",1,"3rd","female",18.454561,2,0,23.25,"Queenstown",0
"R224",1,"3rd","male",44,0,0,7.92500019,"Southampton",1
"R225",1,"3rd","male",32.89787305,0,0,7.75,"Queenstown",1
"R226",1,"3rd","female",24.64178708,0,0,7.75,"Queenstown",1
"R227",1,"1st","female",43,0,1,211.337494,"Southampton",0
"R228",1,"1st","female",35,1,0,83.4749985,"Southampton",0
"R229",1,"1st","female",35,1,0,53.0999985,"Southampton",0
"R230",0,"3rd","male",2,3,1,21.0750008,"Southampton",0
"R231",0,"1st","male",41.85672486,0,0,50,"Southampton",1
"R232",1,"3rd","female",23.79731296,0,0,7.72079992,"Queenstown",1
"R233",0,"3rd","male",30,0,0,7.89580011,"Southampton",1
"R234",1,"1st","female",31,1,0,113.275002,"Cherbourg",0
"R235",1,"3rd","female",5,2,1,19.2583008,"Cherbourg",0
"R236",0,"3rd","male",17,0,0,7.89580011,"Southampton",1
"R237",1,"3rd","female",22,1,0,13.8999996,"Southampton",0
"R238",0,"3rd","male",18,0,0,7.75,"Southampton",1
"R239",0,"1st","male",32.5,0,0,211.5,"Cherbourg",1
"R240",1,"2nd","female",42,1,0,26,"Southampton",0
"R241",0,"2nd","male",30,0,0,13,"Southampton",1
"R242",1,"3rd","male",28.11418894,0,0,8.11250019,"Southampton",1
"R243",1,"1st","female",26,1,0,136.779205,"Cherbourg",0
"R244",0,"3rd","male",29.45705419,0,0,14.5,"Southampton",1
"R245",1,"3rd","female",24.42540946,0,0,7.77920008,"Queenstown",1
"R246",0,"3rd","male",30.03553815,0,0,7,"Southampton",1
"R247",0,"3rd","male",55.5,0,0,8.05000019,"Southampton",1
"R248",0,"2nd","male",50,0,0,13,"Southampton",1
"R249",1,"3rd","female",24.53010458,0,0,8.05000019,"Southampton",1
"R250",0,"3rd","female",22,0,0,39.6875,"Southampton",1
"R251",1,"1st","female",60,1,0,75.25,"Cherbourg",0
"R252",0,"3rd","male",22,0,0,7.52080011,"Southampton",1
"R253",0,"3rd","female",24,0,0,8.85000038,"Southampton",1
"R254",0,"2nd","male",30,1,0,21,"Southampton",0
"R255",1,"1st","female",33.77274048,0,0,110.883301,"Cherbourg",1
"R256",0,"1st","male",41.0031911,0,0,0,"Southampton",1
"R257",0,"3rd","male",39,0,0,7.92500019,"Southampton",1
"R258",0,"2nd","male",54,0,0,14,"Southampton",1
"R259",0,"3rd","male",17,1,0,7.05420017,"Southampton",0
"R260",0,"3rd","male",27.82006172,0,0,7.22919989,"Cherbourg",1
"R261",1,"1st","male",42,1,0,52.5541992,"Southampton",0
"R262",0,"1st","male",70,1,1,71,"Southampton",0
"R263",0,"3rd","male",28.3087214,0,0,7.89580011,"Southampton",1
"R264",1,"2nd","male",30.05815533,0,0,13.8625002,"Cherbourg",1
"R265",1,"2nd","female",40,0,0,13,"Southampton",1
"R266",1,"2nd","female",36,0,3,39,"Southampton",0
"R267",1,"3rd","male",27.82006172,0,0,7.22919989,"Cherbourg",1
"R268",0,"3rd","male",28.3087214,0,0,7.89580011,"Southampton",1
"R269",1,"2nd","female",24,2,1,27,"Southampton",0
"R270",0,"1st","male",64,1,0,75.25,"Cherbourg",0
"R271",0,"3rd","male",43,0,0,6.44999981,"Southampton",1
"R272",0,"1st","male",42,1,0,52,"Southampton",0
"R273",1,"2nd","female",29,0,2,23,"Southampton",0
"R274",0,"2nd","female",30,0,0,13,"Southampton",1
"R275",0,"3rd","male",0.75,1,1,13.7749996,"Southampton",0
"R276",1,"3rd","male",1,1,2,20.5750008,"Southampton",0
"R277",0,"3rd","male",21,0,0,8.05000019,"Southampton",1
"R278",0,"3rd","male",39,1,5,31.2749996,"Southampton",0
"R279",1,"2nd","male",2,1,1,26,"Southampton",0
"R280",0,"3rd","male",22,0,0,7.79580021,"Southampton",1
"R281",0,"2nd","male",24,0,0,13,"Southampton",1
"R282",1,"3rd","female",8.013894558,1,1,22.3582993,"Cherbourg",0
"R283",0,"1st","male",47,0,0,42.4000015,"Southampton",1
"R284",0,"2nd","male",32,0,0,13.5,"Southampton",1
"R285",1,"3rd","male",26,0,0,7.7750001,"Southampton",1
"R286",0,"2nd","male",18,0,0,13,"Southampton",1
"R287",0,"3rd","female",14,0,0,7.85419989,"Southampton",1
"R288",1,"2nd","male",1,2,1,39,"Southampton",0
"R289",0,"3rd","male",27,0,0,7.89580011,"Southampton",1
"R290",0,"3rd","male",7,4,1,29.125,"Queenstown",0
"R291",0,"3rd","female",15.00885191,8,2,69.5500031,"Southampton",0
"R292",0,"3rd","female",31,1,0,18,"Southampton",0
"R293",0,"3rd","male",44,0,1,16.1000004,"Southampton",0
"R294",0,"2nd","male",31,1,1,26.25,"Southampton",0
"R295",0,"1st","female",63,1,0,221.779205,"Southampton",0
"R296",0,"1st","male",44,2,0,90,"Queenstown",0
"R297",0,"3rd","male",22,0,0,7.89580011,"Southampton",1
"R298",0,"3rd","male",41,0,0,7.125,"Southampton",1
"R299",0,"3rd","male",25,1,0,17.7999992,"Southampton",0
"R300",1,"1st","male",36,0,0,26.3875008,"Southampton",1
"R301",1,"1st","female",45,0,0,262.375,"Cherbourg",1
"R302",0,"1st","male",38,0,0,0,"Southampton",1
"R303",0,"3rd","male",5,4,2,31.3875008,"Southampton",0
"R304",0,"1st","male",42,0,0,26.5499992,"Southampton",1
"R305",1,"1st","female",30,0,0,106.425003,"Cherbourg",1
"R306",0,"3rd","male",27.82006172,0,0,7.22919989,"Cherbourg",1
"R307",0,"3rd","male",28.5,0,0,16.1000004,"Southampton",1
"R308",0,"3rd","male",28,0,0,9.5,"Southampton",1
"R309",0,"3rd","male",36,0,0,7.89580011,"Southampton",1
"R310",1,"3rd","female",0.75,2,1,19.2583008,"Cherbourg",0
"R311",0,"2nd","male",54,1,0,26,"Southampton",0
"R312",0,"3rd","male",28.16179312,0,0,8.71249962,"Cherbourg",1
"R313",0,"3rd","male",23,0,0,7.85419989,"Southampton",1
"R314",1,"3rd","female",33,1,2,20.5750008,"Southampton",0
"R315",1,"2nd","female",22,1,2,41.5792007,"Cherbourg",0
"R316",0,"3rd","male",17,2,0,8.05000019,"Southampton",0
"R317",0,"3rd","male",25,0,0,7.89580011,"Southampton",1
"R318",0,"3rd","male",2,4,1,29.125,"Queenstown",0
"R319",1,"1st","female",59,2,0,51.4791985,"Southampton",0
"R320",1,"2nd","female",0.916700006,1,2,27.75,"Southampton",0
"R321",1,"3rd","male",32,0,0,7.7750001,"Southampton",1
"R322",0,"2nd","male",32,0,0,10.5,"Southampton",1
"R323",0,"3rd","male",28.85594301,0,0,7.55000019,"Southampton",1
"R324",1,"3rd","female",24.53010458,0,0,8.05000019,"Southampton",1
"R325",0,"3rd","female",7.93791932,1,2,23.4500008,"Southampton",0
"R326",1,"1st","female",47.17070998,0,0,27.7208004,"Cherbourg",1
"R327",0,"3rd","female",2,4,2,31.2749996,"Southampton",0
"R328",1,"1st","male",37,1,1,52.5541992,"Southampton",0
"R329",0,"3rd","male",18,0,0,8.66250038,"Southampton",1
"R330",1,"2nd","female",30,3,0,21,"Southampton",0
"R331",1,"1st","female",48,1,0,39.5999985,"Cherbourg",0
"R332",1,"3rd","male",22,0,0,7.2249999,"Cherbourg",1
"R333",0,"3rd","male",36,0,0,0,"Southampton",1
"R334",0,"3rd","male",28,0,0,7.89580011,"Southampton",1
"R335",0,"1st","male",65,0,0,26.5499992,"Southampton",1
"R336",0,"2nd","female",57,0,0,10.5,"Southampton",1
"R337",1,"3rd","female",4,0,1,13.4167004,"Cherbourg",0
"R338",0,"1st","male",38,0,1,153.462494,"Southampton",0
"R339",0,"3rd","female",23.94472163,0,0,8.13749981,"Queenstown",1
"R340",0,"3rd","female",26,0,2,13.7749996,"Southampton",0
"R341",0,"3rd","male",24,2,0,24.1499996,"Southampton",0
"R342",0,"1st","male",17,0,0,47.0999985,"Southampton",1
"R343",0,"3rd","female",23.84423377,1,0,14.4582996,"Cherbourg",0
"R344",0,"3rd","male",30,1,0,16.1000004,"Southampton",0
"R345",1,"1st","female",28,3,2,263,"Southampton",0
"R346",0,"3rd","male",35,0,0,7.125,"Southampton",1
"R347",0,"2nd","male",19,0,0,13,"Southampton",1
"R348",0,"3rd","male",40,0,0,7.2249999,"Cherbourg",1
"R349",1,"1st","female",16,0,0,86.5,"Southampton",1
"R350",0,"2nd","male",37,1,0,26,"Southampton",0
"R351",1,"2nd","male",0.833299994,1,1,18.75,"Southampton",0
"R352",0,"1st","male",30,0,0,27.75,"Cherbourg",1
"R353",1,"2nd","female",55,0,0,16,"Southampton",1
"R354",0,"1st","male",18,1,0,108.900002,"Cherbourg",0
"R355",0,"2nd","male",32,0,0,13,"Southampton",1
"R356",0,"3rd","male",32.89787305,0,0,7.75,"Queenstown",1
"R357",0,"3rd","male",28.96514966,0,0,7.25,"Southampton",1
"R358",0,"2nd","female",27,1,0,21,"Southampton",0
"R359",0,"2nd","male",28,0,0,13.5,"Southampton",1
"R360",0,"3rd","male",25.11002903,1,0,14.4541998,"Cherbourg",0
"R361",0,"2nd","male",46,0,0,26,"Southampton",1
"R362",0,"3rd","male",20,0,0,7.85419989,"Southampton",1
"R363",0,"3rd","male",20,0,0,8.05000019,"Southampton",1
"R364",1,"1st","female",36,0,0,135.633301,"Cherbourg",1
"R365",0,"2nd","male",17,0,0,73.5,"Southampton",1
"R366",1,"3rd","male",23,0,0,7.79580021,"Southampton",1
"R367",0,"3rd","male",28.40033668,0,0,7.89580011,"Cherbourg",1
"R368",0,"2nd","female",44,1,0,26,"Southampton",0
"R369",0,"3rd","male",34.5,0,0,7.82919979,"Queenstown",1
"R370",0,"3rd","female",38,4,2,7.7750001,"Southampton",0
"R371",1,"2nd","female",33,0,2,26,"Southampton",0
"R372",0,"1st","male",21,0,1,77.2874985,"Southampton",0
"R373",0,"3rd","male",18,1,0,6.49580002,"Southampton",0
"R374",1,"1st","male",28,0,0,26.5499992,"Southampton",1
"R375",0,"1st","male",45,0,0,26.5499992,"Southampton",1
"R376",0,"3rd","female",39,1,5,31.2749996,"Southampton",0
"R377",0,"3rd","male",29.30449648,1,0,16.1000004,"Southampton",0
"R378",0,"3rd","male",40,1,4,27.8999996,"Southampton",0
"R379",1,"3rd","female",22,0,0,7.25,"Southampton",1
"R380",0,"3rd","male",28.96514966,0,0,7.25,"Southampton",1
"R381",1,"3rd","female",16,0,0,7.75,"Queenstown",1
"R382",1,"2nd","female",24,2,3,18.75,"Southampton",0
"R383",1,"1st","male",43.51905443,0,0,30.5,"Southampton",1
"R384",0,"2nd","male",30.56170827,0,0,15.5791998,"Cherbourg",1
"R385",0,"3rd","male",24.5,0,0,8.05000019,"Southampton",1
"R386",0,"3rd","female",21,2,2,34.375,"Southampton",0
"R387",0,"3rd","male",25,0,0,7.89580011,"Southampton",1
"R388",0,"2nd","male",21,0,0,13,"Southampton",1
"R389",1,"1st","male",36,0,0,26.2875004,"Southampton",1
"R390",1,"3rd","female",0.166700006,1,2,20.5750008,"Southampton",0
"R391",1,"2nd","female",50,0,0,10.5,"Southampton",1
"R392",0,"3rd","female",16,5,2,46.9000015,"Southampton",0
"R393",1,"1st","male",43.56097659,0,0,26.5499992,"Southampton",1
"R394",1,"3rd","male",3,1,1,15.8999996,"Southampton",0
"R395",1,"1st","female",48,1,0,106.425003,"Cherbourg",0
"R396",1,"1st","male",27,0,0,30.5,"Southampton",1
"R397",0,"3rd","male",32.89787305,0,0,7.75,"Queenstown",1
"R398",0,"3rd","male",14,4,1,39.6875,"Southampton",0
"R399",0,"3rd","male",32,0,0,7.89580011,"Southampton",1
"R400",0,"3rd","female",6,4,2,31.2749996,"Southampton",0
"R401",0,"3rd","male",28.3087214,0,0,7.89580011,"Southampton",1
"R402",1,"2nd","female",33,1,2,27.75,"Southampton",0
"R403",0,"2nd","male",41.25148568,0,0,10.7082996,"Queenstown",1
"R404",0,"3rd","male",28,0,0,8.05000019,"Southampton",1
"R405",0,"1st","male",71,0,0,49.5042,"Cherbourg",1
"R406",0,"2nd","male",47,0,0,15,"Southampton",1
"R407",0,"3rd","female",35,0,0,7.75,"Queenstown",1
"R408",0,"3rd","male",23.5,0,0,7.22919989,"Cherbourg",1
"R409",1,"1st","male",17,0,2,110.883301,"Cherbourg",0
"R410",0,"1st","male",36,1,0,78.8499985,"Southampton",0
"R411",0,"2nd","male",21,0,0,11.5,"Southampton",1
"R412",0,"3rd","male",45.5,0,0,7.2249999,"Cherbourg",1
"R413",0,"3rd","male",28.71780659,1,0,7.75,"Queenstown",0
"R414",1,"1st","female",38.95678374,1,0,133.649994,"Southampton",0
"R415",0,"2nd","male",26,0,0,13,"Southampton",1
"R416",0,"2nd","male",30,0,0,13,"Southampton",1
"R417",0,"3rd","male",20,0,0,7.05000019,"Southampton",1
"R418",0,"3rd","male",28.3087214,0,0,7.89580011,"Southampton",1
"R419",1,"2nd","female",29,0,0,10.5,"Southampton",1
"R420",0,"3rd","female",29,0,4,21.0750008,"Southampton",0
"R421",0,"3rd","male",26,2,0,8.66250038,"Southampton",0
"R422",0,"3rd","female",27,0,0,7.87919998,"Queenstown",1
"R423",1,"1st","female",21,2,2,262.375,"Cherbourg",0
"R424",1,"1st","male",60,1,1,79.1999969,"Cherbourg",0
"R425",0,"3rd","male",25,0,0,7.2249999,"Cherbourg",1
"R426",0,"3rd","male",20,0,0,7.2249999,"Cherbourg",1
"R427",1,"2nd","female",24,1,0,27.7208004,"Cherbourg",0
"R428",0,"3rd","male",34,0,0,8.05000019,"Southampton",1
"R429",0,"2nd","male",21,1,0,11.5,"Southampton",0
"R430",0,"3rd","male",24,0,0,8.05000019,"Southampton",1
"R431",1,"1st","female",51,1,0,77.9582977,"Southampton",0
"R432",0,"2nd","male",25,1,2,41.5792007,"Cherbourg",0
"R433",0,"1st","male",43.56097659,0,0,26.5499992,"Southampton",1
"R434",0,"2nd","male",60,1,1,39,"Southampton",0
"R435",0,"3rd","male",0.333299994,0,2,14.3999996,"Southampton",0
"R436",0,"3rd","male",22,0,0,9.35000038,"Southampton",1
"R437",1,"1st","female",35,0,0,135.633301,"Southampton",1
"R438",0,"3rd","male",28.42425189,0,0,8.05000019,"Southampton",1
"R439",0,"3rd","male",32,0,0,7.92500019,"Southampton",1
"R440",0,"1st","male",43.56097659,0,0,26.5499992,"Southampton",1
"R441",0,"3rd","male",11.31903165,8,2,69.5500031,"Southampton",0
"R442",0,"3rd","female",20,1,0,9.82499981,"Southampton",0
"R443",0,"3rd","male",48,0,0,7.85419989,"Southampton",1
"R444",1,"3rd","female",26,1,1,22.0249996,"Southampton",0
"R445",1,"3rd","female",5,0,0,12.4750004,"Southampton",1
"R446",0,"3rd","male",47,0,0,7.25,"Southampton",1
"R447",0,"1st","male",49,1,1,110.883301,"Cherbourg",0
"R448",0,"1st","male",42.60466645,0,0,30.6958008,"Cherbourg",1
"R449",0,"3rd","male",24.40057284,2,0,21.6791992,"Cherbourg",0
"R450",0,"3rd","male",18,1,1,7.85419989,"Southampton",0
"R451",0,"2nd","male",21,0,0,73.5,"Southampton",1
"R452",0,"3rd","female",48,1,3,34.375,"Southampton",0
"R453",0,"3rd","male",28.01836642,0,0,7.2249999,"Cherbourg",1
"R454",1,"3rd","female",23.78620038,0,0,7.73750019,"Queenstown",1
"R455",1,"3rd","male",0.416700006,0,1,8.51669979,"Cherbourg",0
"R456",0,"1st","male",55,1,0,59.4000015,"Cherbourg",0
"R457",1,"3rd","female",1,1,1,11.1332998,"Southampton",0
"R458",0,"2nd","male",36,0,0,13,"Southampton",1
"R459",0,"2nd","male",39,0,0,13,"Southampton",1
"R460",1,"1st","male",41.42749058,0,0,29.7000008,"Cherbourg",1
"R461",1,"3rd","male",24,0,0,7.14169979,"Southampton",1
"R462",1,"3rd","female",36,1,0,17.3999996,"Southampton",0
"R463",1,"3rd","female",24.64178708,0,0,7.75,"Queenstown",1
"R464",0,"3rd","male",17,0,0,8.66250038,"Southampton",1
"R465",0,"3rd","male",32,0,0,7.75,"Queenstown",1
"R466",1,"3rd","female",24.64178708,0,0,7.75,"Queenstown",1
"R467",0,"3rd","female",20,0,0,8.66250038,"Southampton",1
"R468",0,"2nd","male",30,1,1,26,"Southampton",0
"R469",0,"3rd","male",40.5,0,2,14.5,"Southampton",0
"R470",0,"3rd","female",36,0,2,12.1833,"Southampton",0
"R471",0,"1st","male",48,0,0,50.4958,"Cherbourg",1
"R472",0,"3rd","male",21,0,0,7.80000019,"Southampton",1
"R473",0,"3rd","male",30.2923353,0,0,7.73330021,"Queenstown",1
"R474",0,"3rd","female",30.5,0,0,7.75,"Queenstown",1
"R475",0,"3rd","male",21,0,0,7.85419989,"Southampton",1
"R476",0,"1st","male",27,1,0,136.779205,"Cherbourg",0
"R477",0,"2nd","female",38,0,0,13,"Southampton",1
"R478",0,"3rd","female",30,0,0,8.66250038,"Southampton",1
"R479",1,"1st","female",36,1,2,120,"Southampton",0
"R480",0,"3rd","male",2,4,1,39.6875,"Southampton",0
"R481",0,"3rd","male",36,0,0,7.49580002,"Southampton",1
"R482",1,"3rd","female",23.75251296,0,0,7.73330021,"Queenstown",1
"R483",0,"3rd","male",34.5,0,0,6.4375,"Cherbourg",1
"R484",0,"1st","male",41,0,0,30.5,"Southampton",1
"R485",0,"3rd","male",6.156919623,3,1,25.4666996,"Southampton",0
"R486",1,"3rd","male",32.89787305,0,0,7.75,"Queenstown",1
"R487",0,"3rd","male",16,0,0,9.5,"Southampton",1
"R488",0,"3rd","female",2,0,1,10.4624996,"Southampton",0
"R489",0,"3rd","male",27.82006172,0,0,7.22919989,"Cherbourg",1
"R490",1,"2nd","male",1,0,2,37.0042,"Cherbourg",0
"R491",0,"3rd","male",30,0,0,7.2249999,"Cherbourg",1
"R492",0,"2nd","male",21,2,0,73.5,"Southampton",0
"R493",0,"3rd","male",24,0,0,8.05000019,"Southampton",1
"R494",0,"1st","male",57,1,1,164.866699,"Southampton",0
"R495",0,"1st","male",39,1,0,71.2833023,"Cherbourg",0
"R496",1,"2nd","female",8,0,2,26.25,"Southampton",0
"R497",0,"3rd","male",32.63490067,1,0,15.5,"Queenstown",0
"R498",0,"2nd","male",23,0,0,10.5,"Southampton",1
"R499",0,"3rd","male",42,0,1,8.4041996,"Southampton",0
"R500",0,"3rd","male",19,0,0,8.05000019,"Southampton",1
"R501",0,"1st","male",61,0,0,33.5,"Southampton",1
"R502",0,"1st","male",41.30166369,0,0,51.8624992,"Southampton",1
"R503",1,"1st","female",38.00279485,1,0,52,"Southampton",0
"R504",1,"2nd","female",40,1,1,39,"Southampton",0
"R505",0,"2nd","male",52,0,0,13,"Southampton",1
"R506",0,"1st","male",23,0,0,93.5,"Southampton",1
"R507",0,"1st","male",39,0,0,29.7000008,"Cherbourg",1
"R508",1,"3rd","male",29,0,0,7.89580011,"Cherbourg",1
"R509",1,"3rd","female",23,0,0,7.55000019,"Southampton",1
"R510",0,"3rd","male",35,0,0,8.05000019,"Southampton",1
"R511",0,"3rd","male",13,4,2,31.3875008,"Southampton",0
"R512",1,"3rd","male",30,0,0,9.5,"Southampton",1
"R513",0,"3rd","male",26,1,0,7.85419989,"Southampton",0
"R514",0,"3rd","male",27,0,0,8.66250038,"Southampton",1
"R515",0,"2nd","male",29,1,0,21,"Southampton",0
"R516",1,"3rd","female",1,0,2,15.7417002,"Cherbourg",0
"R517",1,"2nd","female",25,0,1,26,"Southampton",0
"R518",1,"2nd","female",3,1,2,41.5792007,"Cherbourg",0
"R519",0,"3rd","male",18.51650494,0,0,7.22919989,"Cherbourg",1
"R520",0,"3rd","female",24.64178708,0,0,7.75,"Queenstown",1
"R521",1,"3rd","male",30.82150529,0,0,56.4958,"Southampton",1
"R522",0,"3rd","male",18,0,0,7.79580021,"Southampton",1
"R523",0,"3rd","male",24.40057284,2,0,21.6791992,"Cherbourg",0
"R524",1,"3rd","female",24,0,0,7.75,"Queenstown",1
"R525",1,"3rd","male",14,0,0,9.22500038,"Southampton",1
"R526",1,"3rd","female",18,0,0,7.7750001,"Southampton",1
"R527",1,"3rd","female",33,3,0,15.8500004,"Southampton",0
"R528",0,"3rd","female",11,4,2,31.2749996,"Southampton",0
"R529",1,"3rd","female",16,0,0,7.6500001,"Southampton",1
"R530",1,"3rd","male",29.1772649,0,0,7.05000019,"Southampton",1
"R531",1,"2nd","male",31,0,0,13,"Southampton",1
"R532",0,"3rd","male",33,0,0,8.66250038,"Cherbourg",1
"R533",0,"2nd","male",32.070393,0,0,12.875,"Southampton",1
"R534",0,"3rd","male",11.5,1,1,14.5,"Southampton",0
"R535",1,"2nd","female",27,0,0,10.5,"Southampton",1
"R536",1,"1st","female",58,0,1,512.329224,"Cherbourg",0
"R537",0,"3rd","female",20,0,0,7.85419989,"Southampton",1
"R538",1,"2nd","female",13,0,1,19.5,"Southampton",0
"R539",1,"3rd","female",9,1,1,15.2458,"Cherbourg",0
"R540",0,"3rd","male",28.3087214,0,0,7.89580011,"Southampton",1
"R541",0,"1st","male",40,0,0,27.7208004,"Cherbourg",1
"R542",0,"3rd","female",24.64178708,0,0,7.75,"Queenstown",1
"R543",1,"3rd","male",6.819229993,1,1,22.3582993,"Cherbourg",0
"R544",1,"1st","male",43.81698257,0,0,30,"Southampton",1
"R545",0,"2nd","male",47,0,0,10.5,"Southampton",1
"R546",0,"1st","male",42,0,0,42.5,"Southampton",1
"R547",0,"3rd","female",30,0,0,7.62919998,"Queenstown",1
"R548",0,"3rd","male",28.42336593,0,0,7.7750001,"Southampton",1
"R549",0,"3rd","female",31.51522876,1,2,23.4500008,"Southampton",0
"R550",1,"1st","female",38.60905536,1,0,51.8624992,"Southampton",0
"R551",1,"3rd","female",35,1,1,20.25,"Southampton",0
"R552",0,"3rd","female",8,3,1,21.0750008,"Southampton",0
"R553",1,"1st","female",21,0,0,26.5499992,"Southampton",1
"R554",0,"3rd","male",22,0,0,8.05000019,"Southampton",1
"R555",0,"3rd","male",33,0,0,7.89580011,"Southampton",1
"R556",0,"3rd","male",28.29539245,0,0,7.87919998,"Southampton",1
"R557",1,"1st","male",31,0,0,28.5375004,"Cherbourg",1
"R558",1,"1st","female",35,1,0,57.75,"Cherbourg",0
"R559",0,"3rd","male",30,0,0,7.22919989,"Cherbourg",1
"R560",0,"3rd","male",27.82006172,0,0,7.22919989,"Cherbourg",1
"R561",1,"1st","female",33,0,0,86.5,"Southampton",1
"R562",1,"3rd","male",25,0,0,9.5,"Southampton",1
"R563",0,"1st","male",45,1,0,83.4749985,"Southampton",0
"R564",0,"3rd","male",28.3087214,0,0,7.89580011,"Southampton",1
"R565",0,"3rd","female",18.5,0,0,7.28329992,"Queenstown",1
"R566",1,"1st","female",30,0,0,93.5,"Southampton",1
"R567",0,"3rd","male",4,4,1,29.125,"Queenstown",0
"R568",1,"3rd","male",27,0,0,7.79580021,"Southampton",1
"R569",0,"3rd","male",28.42425189,0,0,8.05000019,"Southampton",1
"R570",0,"3rd","male",32,0,0,7.92500019,"Southampton",1
"R571",1,"1st","male",50,2,0,133.649994,"Southampton",0
"R572",0,"2nd","male",18,0,0,11.5,"Southampton",1
"R573",0,"3rd","male",28.3087214,0,0,7.89580011,"Southampton",1
"R574",0,"3rd","male",28.01836642,0,0,7.2249999,"Cherbourg",1
"R575",1,"2nd","female",24,1,2,65,"Southampton",0
"R576",1,"1st","female",55,0,0,27.7208004,"Cherbourg",1
"R577",0,"3rd","male",15,1,1,7.22919989,"Cherbourg",0
"R578",1,"3rd","male",27,0,0,6.9749999,"Southampton",1
"R579",0,"2nd","male",18,0,0,11.5,"Southampton",1
"R580",0,"2nd","male",36,1,2,27.75,"Southampton",0
"R581",0,"3rd","male",31,0,0,7.73330021,"Queenstown",1
"R582",1,"1st","male",43,1,0,27.7208004,"Cherbourg",0
"R583",1,"3rd","male",30.82150529,0,0,56.4958,"Southampton",1
"R584",0,"3rd","male",28.3087214,0,0,7.89580011,"Southampton",1
"R585",0,"3rd","male",28.01836642,0,0,7.2249999,"Cherbourg",1
"R586",0,"3rd","female",41,0,5,39.6875,"Southampton",0
"R587",0,"3rd","male",16,1,3,34.375,"Southampton",0
"R588",0,"3rd","male",27.93621962,0,0,8.71249962,"Southampton",1
"R589",0,"3rd","male",9,5,2,46.9000015,"Southampton",0
"R590",0,"3rd","male",28.40033668,0,0,7.89580011,"Cherbourg",1
"R591",1,"1st","female",47.90020605,0,0,79.1999969,"Cherbourg",1
"R592",0,"2nd","male",26,0,0,13,"Southampton",1
"R593",0,"3rd","male",24.40057284,2,0,21.6791992,"Cherbourg",0
"R594",1,"1st","female",39,1,0,55.9000015,"Southampton",0
"R595",1,"1st","female",22,0,1,59.4000015,"Cherbourg",0
"R596",0,"2nd","male",16,0,0,26,"Southampton",1
"R597",0,"1st","male",43.12935852,0,0,25.9249992,"Southampton",1
"R598",0,"2nd","male",33,0,0,12.2749996,"Southampton",1
"R599",1,"3rd","female",45,1,0,14.1083002,"Southampton",0
"R600",0,"3rd","male",35,0,0,8.05000019,"Southampton",1
"R601",1,"3rd","female",4,1,1,16.7000008,"Southampton",0
"R602",0,"1st","female",2,1,2,151.550003,"Southampton",0
"R603",1,"1st","female",19,0,2,26.2833004,"Southampton",0
"R604",0,"3rd","male",20,0,0,7.92500019,"Southampton",1
"R605",0,"3rd","male",28.42425189,0,0,8.05000019,"Southampton",1
"R606",0,"1st","female",25,1,2,151.550003,"Southampton",0
"R607",0,"3rd","female",39,0,5,29.125,"Queenstown",0
"R608",1,"3rd","female",45,0,0,7.2249999,"Cherbourg",1
"R609",1,"1st","female",36.09832203,1,0,146.520798,"Cherbourg",0
"R610",0,"3rd","male",25,0,0,7.6500001,"Southampton",1
"R611",1,"1st","male",40,0,0,31,"Cherbourg",1
"R612",0,"3rd","female",17,0,0,14.4582996,"Cherbourg",1
"R613",1,"1st","female",23,1,0,82.2667007,"Southampton",0
"R614",1,"2nd","female",50,0,0,10.5,"Southampton",1
"R615",1,"3rd","female",18,0,0,7.49580002,"Southampton",1
"R616",0,"2nd","male",40,0,0,16,"Southampton",1
"R617",1,"1st","female",37,1,0,90,"Queenstown",0
"R618",0,"3rd","male",60.5,0,0,33.29547939,"Southampton",1
"R619",0,"1st","male",62,0,0,26.5499992,"Southampton",1
"R620",0,"3rd","male",30.82150529,0,0,56.4958,"Southampton",1
"R621",0,"3rd","male",27.82006172,0,0,7.22919989,"Cherbourg",1
"R622",1,"3rd","female",0.75,2,1,19.2583008,"Cherbourg",0
"R623",1,"2nd","female",29,1,0,26,"Southampton",0
"R624",0,"3rd","male",32.89787305,0,0,7.75,"Queenstown",1
"R625",1,"3rd","male",16,0,0,8.05000019,"Southampton",1
"R626",0,"3rd","male",49,0,0,0,"Southampton",1
"R627",1,"1st","female",30,0,0,31,"Cherbourg",1
"R628",0,"2nd","male",24,0,0,13.5,"Southampton",1
"R629",0,"2nd","male",27,1,0,26,"Southampton",0
"R630",1,"3rd","male",20,1,1,15.7417002,"Cherbourg",0
"R631",1,"1st","female",32,0,0,76.2917023,"Cherbourg",1
"R632",0,"3rd","male",30,0,0,8.05000019,"Southampton",1
"R633",0,"1st","male",55,0,0,50,"Southampton",1
"R634",0,"3rd","male",28.5,0,0,7.22919989,"Cherbourg",1
"R635",1,"2nd","female",50,0,1,26,"Southampton",0
"R636",1,"1st","female",21,0,0,77.9582977,"Southampton",1
"R637",0,"3rd","male",29.70321061,0,0,15.1000004,"Southampton",1
"R638",1,"1st","female",16,0,1,39.4000015,"Southampton",0
"R639",1,"1st","female",30,0,0,56.9291992,"Cherbourg",1
"R640",0,"3rd","female",15.00885191,8,2,69.5500031,"Southampton",0
"R641",1,"3rd","male",21,0,0,7.79580021,"Southampton",1
"R642",0,"3rd","female",19.46062963,1,0,15.5,"Queenstown",0
"R643",1,"2nd","female",19,0,0,13,"Southampton",1
"R644",1,"1st","female",51,0,1,39.4000015,"Southampton",0
"R645",0,"3rd","female",27.23783767,0,0,7.75,"Queenstown",1
"R646",0,"3rd","male",51,0,0,8.05000019,"Southampton",1
"R647",0,"3rd","female",47,1,0,14.5,"Southampton",0
"R648",0,"2nd","male",30,0,0,10.5,"Southampton",1
"R649",0,"3rd","male",42,0,0,7.55000019,"Southampton",1
"R650",0,"3rd","male",24,0,0,8.66250038,"Southampton",1
"R651",0,"1st","male",55,0,0,30.5,"Southampton",1
"R652",1,"2nd","female",24,1,0,26,"Southampton",0
"R653",1,"3rd","female",27,0,1,12.4750004,"Southampton",0
"R654",0,"3rd","male",20,0,0,7.85419989,"Southampton",1
"R655",0,"3rd","male",36,0,0,7.25,"Southampton",1
"R656",1,"1st","female",24,0,0,83.1583023,"Cherbourg",1
"R657",1,"1st","female",26,0,0,78.8499985,"Southampton",1
"R658",1,"2nd","male",0.833299994,0,2,29,"Southampton",0
"R659",0,"3rd","female",37,0,0,7.75,"Queenstown",1
"R660",1,"2nd","female",31,0,0,21,"Southampton",1
"R661",0,"1st","male",37,1,0,53.0999985,"Southampton",0
"R662",0,"3rd","male",22,0,0,8.05000019,"Southampton",1
"R663",0,"3rd","male",39,0,0,24.1499996,"Southampton",1
"R664",1,"1st","male",48,1,0,52,"Southampton",0
"R665",1,"1st","male",34,0,0,26.5499992,"Southampton",1
"R666",0,"2nd","male",43,0,1,21,"Southampton",0
"R667",0,"2nd","male",44,1,0,26,"Southampton",0
"R668",0,"1st","male",43.56097659,0,0,26.5499992,"Southampton",1
"R669",0,"3rd","female",41,0,2,20.2124996,"Southampton",0
"R670",1,"2nd","female",40,0,0,15.75,"Southampton",1
"R671",1,"3rd","male",45,0,0,8.05000019,"Southampton",1
"R672",0,"2nd","male",31,0,0,10.5,"Southampton",1
"R673",0,"3rd","male",33,1,1,20.5249996,"Southampton",0
"R674",0,"3rd","male",27.93408629,0,0,8.66250038,"Southampton",1
"R675",0,"2nd","male",34,1,0,26,"Southampton",0
"R676",1,"1st","female",39.00751392,1,0,82.1707993,"Cherbourg",0
"R677",0,"2nd","male",35,0,0,26,"Southampton",1
"R678",1,"1st","female",55,2,0,25.7000008,"Southampton",0
"R679",0,"3rd","male",10,4,1,29.125,"Queenstown",0
"R680",0,"3rd","male",33,0,0,8.05000019,"Southampton",1
"R681",0,"3rd","male",51,0,0,7.75,"Southampton",1
"R682",0,"3rd","male",28.42425189,0,0,8.05000019,"Southampton",1
"R683",1,"1st","female",18,1,0,53.0999985,"Southampton",0
"R684",0,"3rd","male",16,1,1,20.25,"Southampton",0
"R685",1,"1st","female",18,2,2,262.375,"Cherbourg",0
"R686",1,"1st","male",45,0,0,26.5499992,"Southampton",1
"R687",1,"1st","female",38,1,0,71.2833023,"Cherbourg",0
"R688",1,"3rd","female",24.39628354,0,0,7.7874999,"Queenstown",1
"R689",0,"3rd","male",41,2,0,14.1083002,"Southampton",0
"R690",0,"3rd","female",45,0,0,7.75,"Southampton",1
"R691",0,"3rd","male",28.85594301,0,0,7.55000019,"Southampton",1
"R692",0,"3rd","male",31,0,0,7.7750001,"Southampton",1
"R693",0,"3rd","male",28.42425189,0,0,8.05000019,"Southampton",1
"R694",1,"1st","male",0.916700006,1,2,151.550003,"Southampton",0
"R695",0,"3rd","male",6,1,1,15.2458,"Cherbourg",0
"R696",0,"3rd","female",23,0,0,7.92500019,"Southampton",1
"R697",0,"2nd","male",25,0,0,10.5,"Southampton",1
"R698",0,"3rd","male",29.42471059,1,2,23.4500008,"Southampton",0
"R699",0,"1st","male",43.28182302,0,0,35,"Southampton",1
"R700",0,"3rd","male",11,0,0,18.7875004,"Cherbourg",1
"R701",1,"3rd","female",24.21327665,0,0,7.87919998,"Queenstown",1
"R702",1,"3rd","male",6.996944971,1,1,15.2458,"Cherbourg",0
"R703",0,"3rd","male",70.5,0,0,7.75,"Queenstown",1
"R704",0,"3rd","male",32.89787305,0,0,7.75,"Queenstown",1
"R705",1,"3rd","male",32,0,0,7.57919979,"Southampton",1
"R706",0,"3rd","male",16,0,0,9.2166996,"Southampton",1
"R707",0,"3rd","male",17,1,1,7.22919989,"Cherbourg",0
"R708",0,"3rd","male",27,0,0,7.2249999,"Cherbourg",1
"R709",0,"3rd","male",10,3,2,27.8999996,"Southampton",0
"R710",1,"1st","female",62,0,0,80,"Southampton",1
"R711",0,"2nd","male",25,0,0,13,"Southampton",1
"R712",0,"3rd","male",29,1,0,7.04580021,"Southampton",0
"R713",0,"2nd","male",34,0,0,13,"Southampton",1
"R714",0,"1st","male",50,1,1,211.5,"Cherbourg",0
"R715",0,"3rd","male",28.3087214,0,0,7.89580011,"Southampton",1
"R716",0,"3rd","male",28,0,0,22.5249996,"Southampton",1
"R717",1,"1st","male",36,0,1,512.329224,"Cherbourg",0
"R718",0,"2nd","male",30.61283728,0,0,15.0458002,"Cherbourg",1
"R719",1,"3rd","female",24.64178708,0,0,7.75,"Queenstown",1
"R720",1,"3rd","female",23,0,0,8.05000019,"Southampton",1
"R721",1,"3rd","female",16,1,1,8.51669979,"Cherbourg",0
"R722",0,"3rd","male",20,0,0,8.66250038,"Southampton",1
"R723",0,"3rd","male",43,0,0,7.89580011,"Southampton",1
"R724",0,"3rd","male",51,0,0,7.05420017,"Southampton",1
"R725",0,"3rd","female",17,0,0,7.73330021,"Queenstown",1
"R726",0,"2nd","male",57,0,0,13,"Southampton",1
"R727",1,"3rd","female",4,0,2,22.0249996,"Southampton",0
"R728",0,"3rd","male",22,0,0,7.25,"Southampton",1
"R729",0,"2nd","male",48,0,0,13,"Southampton",1
"R730",1,"3rd","female",30,0,0,6.94999981,"Queenstown",1
"R731",0,"3rd","male",32,1,0,15.8500004,"Southampton",0
"R732",0,"1st","male",47,0,0,34.0208015,"Southampton",1
"R733",0,"2nd","male",30,1,0,24,"Cherbourg",0
"R734",0,"2nd","male",30.61283728,0,0,15.0500002,"Cherbourg",1
"R735",0,"1st","male",39.90609385,0,0,27.7208004,"Cherbourg",1
"R736",0,"3rd","female",8.030947356,3,1,25.4666996,"Southampton",0
"R737",0,"3rd","female",22,2,0,8.66250038,"Southampton",0
"R738",0,"3rd","male",25,0,0,7.05000019,"Southampton",1
"R739",0,"1st","male",54,0,1,77.2874985,"Southampton",0
"R740",0,"3rd","male",27.82006172,0,0,7.22919989,"Cherbourg",1
"R741",1,"1st","female",30,0,0,86.5,"Southampton",1
"R742",0,"3rd","male",24,0,0,7.89580011,"Southampton",1
"R743",0,"1st","male",33,0,0,5,"Southampton",1
"R744",0,"3rd","male",39,0,2,7.22919989,"Cherbourg",0
"R745",1,"3rd","female",26,0,0,7.92500019,"Southampton",1
"R746",1,"3rd","female",24.23097949,0,0,7.82919979,"Queenstown",1
"R747",0,"3rd","male",43,0,0,8.05000019,"Southampton",1
"R748",1,"2nd","female",29.24878255,0,0,12.3500004,"Queenstown",1
"R749",1,"1st","female",35,0,0,512.329224,"Cherbourg",1
"R750",1,"3rd","female",38,0,0,7.22919989,"Cherbourg",1
"R751",0,"3rd","female",3,3,1,21.0750008,"Southampton",0
"R752",1,"1st","male",54,1,0,55.4417,"Cherbourg",0
"R753",0,"1st","male",39,0,0,0,"Southampton",1
"R754",0,"3rd","male",21,0,0,7.75,"Queenstown",1
"R755",0,"3rd","male",28.52003877,1,0,19.9666996,"Southampton",0
"R756",1,"3rd","male",22,0,0,7.2249999,"Cherbourg",1
"R757",1,"1st","female",38,0,0,80,"Southampton",1
"R758",0,"3rd","male",24,1,0,16.1000004,"Southampton",0
"R759",0,"2nd","male",40,1,0,26,"Southampton",0
"R760",0,"3rd","male",14,5,2,46.9000015,"Southampton",0
"R761",1,"3rd","female",29.62030126,1,0,16.1000004,"Southampton",0
"R762",1,"1st","female",58,0,0,26.5499992,"Southampton",1
"R763",0,"3rd","male",28.42425189,0,0,8.05000019,"Southampton",1
"R764",0,"3rd","male",27,0,0,7.89580011,"Southampton",1
"R765",0,"3rd","male",28.3087214,0,0,7.89580011,"Southampton",1
"R766",0,"3rd","male",30.11999293,0,0,6.94999981,"Queenstown",1
"R767",0,"3rd","male",31.60848557,0,0,7.82919979,"Queenstown",1
"R768",0,"2nd","male",14,0,0,65,"Southampton",1
"R769",0,"1st","male",36.69019269,0,0,227.524994,"Cherbourg",1
"R770",1,"2nd","male",8,0,2,32.5,"Southampton",0
"R771",0,"3rd","female",24.21327665,0,0,7.87919998,"Queenstown",1
"R772",0,"3rd","male",28.42425189,0,0,8.05000019,"Southampton",1
"R773",0,"3rd","male",28,0,0,7.85419989,"Southampton",1
"R774",1,"3rd","male",29,0,0,9.5,"Southampton",1
"R775",0,"2nd","female",34.19675895,0,0,21,"Southampton",1
"R776",0,"3rd","male",32.89787305,0,0,7.75,"Queenstown",1
"R777",1,"3rd","male",18,0,0,8.05000019,"Southampton",1
"R778",1,"1st","female",42.40982186,0,1,55,"Southampton",0
"R779",0,"3rd","female",23,0,0,8.66250038,"Southampton",1
"R780",1,"1st","female",39,1,1,83.1583023,"Cherbourg",0
"R781",0,"1st","male",37,0,1,29.7000008,"Cherbourg",0
"R782",1,"1st","female",15,0,1,211.337494,"Southampton",0
"R783",1,"3rd","female",47,1,0,7,"Southampton",0
"R784",1,"2nd","female",30,1,0,13.8583002,"Cherbourg",0
"R785",0,"2nd","male",19,0,0,10.5,"Southampton",1
"R786",1,"2nd","female",36,0,0,13,"Southampton",1
"R787",1,"3rd","male",3,4,2,31.3875008,"Southampton",0
"R788",1,"1st","male",42.54557367,0,0,35.5,"Southampton",1
"R789",0,"2nd","female",29,1,0,26,"Southampton",0
"R790",1,"2nd","male",32.0480892,0,0,13,"Southampton",1
"R791",1,"1st","female",37.40417954,1,0,89.1042023,"Cherbourg",0
"R792",0,"1st","male",60,0,0,26.5499992,"Southampton",1
"R793",0,"3rd","female",18,1,0,17.7999992,"Southampton",0
"R794",0,"1st","male",61,1,3,262.375,"Cherbourg",0
"R795",1,"3rd","male",24,0,0,7.55000019,"Southampton",1
"R796",0,"1st","male",65,0,1,61.9791985,"Cherbourg",0
"R797",1,"1st","male",49,0,0,0,"Southampton",1
"R798",0,"1st","female",50,0,0,28.7124996,"Cherbourg",1
"R799",1,"2nd","female",35,0,0,21,"Southampton",1
"R800",1,"3rd","female",2,0,1,12.2875004,"Southampton",0
"R801",0,"1st","male",40.78751921,0,0,52,"Southampton",1
"R802",0,"2nd","male",26,0,0,13,"Southampton",1
"R803",1,"1st","male",36,1,2,120,"Southampton",0
"R804",0,"3rd","female",26,1,0,16.1000004,"Southampton",0
"R805",1,"2nd","female",22,1,1,29,"Southampton",0
"R806",0,"3rd","male",28.42425189,0,0,8.05000019,"Southampton",1
"R807",1,"3rd","female",24,0,3,19.2583008,"Cherbourg",0
"R808",1,"1st","female",45,0,1,63.3582993,"Cherbourg",0
"R809",0,"3rd","male",42,0,0,7.6500001,"Southampton",1
"R810",0,"3rd","female",9,1,1,15.2458,"Cherbourg",0
"R811",1,"1st","female",64,1,1,26.5499992,"Southampton",0
"R812",1,"2nd","female",23,0,0,13.7917004,"Cherbourg",1
"R813",0,"3rd","male",35,0,0,7.89580011,"Cherbourg",1
"R814",0,"3rd","male",25.0190534,1,0,6.4375,"Cherbourg",0
"R815",1,"1st","female",52,1,1,93.5,"Southampton",0
"R816",1,"2nd","female",22,0,0,10.5,"Southampton",1
"R817",0,"3rd","male",21,0,0,16.1000004,"Southampton",1
"R818",0,"3rd","male",28.42425189,0,0,8.05000019,"Southampton",1
"R819",0,"1st","male",49,0,0,26,"Southampton",1
"R820",1,"2nd","female",5,1,2,27.75,"Southampton",0
"R821",0,"3rd","male",22.5,0,0,7.2249999,"Cherbourg",1
"R822",0,"1st","male",41.0031911,0,0,0,"Southampton",1
"R823",1,"1st","male",80,0,0,30,"Southampton",1
"R824",0,"2nd","male",35,0,0,12.3500004,"Queenstown",1
"R825",1,"2nd","female",34,0,1,23,"Southampton",0
"R826",0,"2nd","male",34,0,0,13,"Southampton",1
"R827",0,"3rd","male",28.85594301,0,0,7.55000019,"Southampton",1
"R828",0,"3rd","male",45,0,0,6.9749999,"Southampton",1
"R829",1,"1st","male",11,1,2,120,"Southampton",0
"R830",0,"3rd","male",27.22598898,0,0,14.4582996,"Cherbourg",1
"R831",1,"2nd","female",19,1,0,26,"Southampton",0
"R832",1,"1st","female",36,0,0,262.375,"Cherbourg",1
"R833",1,"1st","male",45,1,1,134.5,"Cherbourg",0
"R834",1,"2nd","female",25.97566886,0,0,33,"Southampton",1
"R835",0,"1st","male",41.16587908,0,0,39.5999985,"Cherbourg",1
"R836",0,"3rd","female",15.00885191,8,2,69.5500031,"Southampton",0
"R837",0,"2nd","male",28,0,1,33,"Southampton",0
"R838",1,"2nd","female",29,1,0,26,"Southampton",0
"R839",1,"3rd","female",28.73531609,0,2,22.3582993,"Cherbourg",0
"R840",1,"2nd","male",30,0,0,12.7375002,"Cherbourg",1
"R841",1,"3rd","female",30,0,0,12.4750004,"Southampton",1
"R842",0,"2nd","male",23,0,0,15.0458002,"Cherbourg",1
"R843",0,"3rd","male",28.01836642,0,0,7.2249999,"Cherbourg",1
"R844",1,"3rd","male",29,0,0,7.75,"Queenstown",1
"R845",1,"3rd","female",26,0,0,7.85419989,"Southampton",1
"R846",0,"3rd","male",28,0,0,22.5249996,"Southampton",1
"R847",0,"3rd","male",16,4,1,39.6875,"Southampton",0
"R848",0,"3rd","male",30.2923353,0,0,7.72919989,"Queenstown",1
"R849",0,"3rd","male",4,3,2,27.8999996,"Southampton",0
"R850",1,"3rd","female",31,1,1,20.5249996,"Southampton",0
"R851",0,"3rd","male",6.293882524,1,1,14.5,"Southampton",0
"R852",0,"3rd","male",28.85594301,0,0,7.55000019,"Southampton",1
"R853",1,"1st","female",45,0,1,59.4000015,"Cherbourg",0
"R854",1,"1st","male",26,0,0,30,"Cherbourg",1
"R855",0,"3rd","male",26,0,0,7.89580011,"Southampton",1
"R856",1,"1st","female",54,1,0,78.2667007,"Cherbourg",0
"R857",0,"2nd","male",39,0,0,26,"Southampton",1
"R858",0,"2nd","male",36,0,0,13,"Southampton",1
"R859",1,"1st","male",25,1,0,55.4417,"Cherbourg",0
"R860",0,"3rd","male",19,0,0,6.75,"Queenstown",1
"R861",0,"3rd","female",2,1,1,20.2124996,"Southampton",0
"R862",1,"1st","female",48,1,3,262.375,"Cherbourg",0
"R863",0,"3rd","male",44,0,0,8.05000019,"Southampton",1
"R864",0,"2nd","male",42,1,1,32.5,"Southampton",0
"R865",1,"3rd","male",7,1,1,15.2458,"Cherbourg",0
"R866",0,"3rd","male",25,0,0,7.74170017,"Queenstown",1
"R867",1,"1st","male",13,2,2,262.375,"Cherbourg",0
"R868",1,"3rd","female",24.64178708,0,0,7.75,"Queenstown",1
"R869",1,"1st","male",27,0,0,76.7292023,"Cherbourg",1
"R870",1,"3rd","female",22,0,0,7.7750001,"Southampton",1
"R871",1,"3rd","female",33.21154155,0,0,7.2249999,"Cherbourg",1
"R872",0,"3rd","male",21,0,0,7.7750001,"Southampton",1
"R873",1,"1st","female",49,1,0,76.7292023,"Cherbourg",0
"R874",0,"3rd","female",23.90074407,0,0,7.62919998,"Queenstown",1
"R875",0,"3rd","male",40,1,6,46.9000015,"Southampton",0
"R876",0,"3rd","male",22,0,0,7.7750001,"Southampton",1
"R877",1,"1st","female",22,0,2,49.5,"Cherbourg",0
"R878",0,"3rd","male",20,0,0,7.85419989,"Southampton",1
"R879",0,"3rd","male",28.96514966,0,0,7.25,"Southampton",1
"R880",1,"1st","male",48,1,0,76.7292023,"Cherbourg",0
"R881",0,"3rd","male",28.42425189,0,0,8.05000019,"Southampton",1
"R882",1,"2nd","female",19,0,0,26,"Southampton",1
"R883",0,"3rd","male",21,2,0,24.1499996,"Southampton",0
"R884",0,"2nd","male",36.5,0,2,26,"Southampton",0
"R885",0,"1st","male",46,0,0,79.1999969,"Cherbourg",1
"R886",0,"3rd","male",28,1,0,15.8500004,"Southampton",0
"R887",0,"3rd","male",59,0,0,7.25,"Southampton",1
"R888",0,"3rd","male",29,0,0,7.7750001,"Southampton",1
"R889",0,"1st","male",50,0,0,26,"Southampton",1
"R890",0,"3rd","male",32.89787305,0,0,7.75,"Queenstown",1
"R891",0,"3rd","female",29,1,1,10.4624996,"Southampton",0
"R892",0,"1st","male",56,0,0,30.6958008,"Cherbourg",1
"R893",0,"3rd","male",24,0,0,7.05000019,"Southampton",1
"R894",0,"3rd","male",32.89787305,0,0,7.75,"Queenstown",1
"R895",0,"3rd","male",23,0,0,7.05000019,"Southampton",1
"R896",1,"2nd","female",27,1,0,13.8583002,"Cherbourg",0
"R897",1,"3rd","male",25,0,0,7.79580021,"Southampton",1
"R898",0,"3rd","male",40.5,0,0,15.1000004,"Southampton",1
"R899",1,"1st","female",35,0,0,211.5,"Cherbourg",1
"R900",0,"2nd","male",38,1,0,21,"Southampton",0
"R901",0,"3rd","male",32.63490067,1,0,15.5,"Queenstown",0
"R902",0,"2nd","male",27,0,0,13,"Southampton",1
"R903",1,"2nd","male",22,0,0,10.5,"Southampton",1
"R904",0,"2nd","male",29,0,0,10.5,"Southampton",1
"R905",1,"2nd","female",36,0,0,13,"Southampton",1
"R906",1,"1st","male",53,0,0,28.5,"Cherbourg",1
"R907",1,"1st","female",47,1,0,61.1749992,"Southampton",0
"R908",1,"3rd","female",14,1,0,11.2417002,"Cherbourg",0
"R909",0,"3rd","female",3,1,1,13.7749996,"Southampton",0
"R910",0,"2nd","male",36,0,0,12.875,"Cherbourg",1
"R911",1,"3rd","male",32,0,0,7.92500019,"Southampton",1
"R912",1,"1st","male",24,1,0,82.2667007,"Southampton",0
"R913",1,"1st","male",28,0,0,35.5,"Southampton",1
"R914",0,"2nd","male",34,1,0,21,"Southampton",0
"R915",0,"3rd","male",28.42425189,0,0,8.05000019,"Southampton",1
"R916",1,"3rd","female",19,0,0,7.87919998,"Queenstown",1
"R917",0,"3rd","male",40,1,5,31.3875008,"Southampton",0
"R918",0,"3rd","male",28.01836642,0,0,7.2249999,"Cherbourg",1
"R919",0,"2nd","male",18,0,0,73.5,"Southampton",1
"R920",1,"1st","male",32,0,0,30.5,"Cherbourg",1
"R921",0,"3rd","male",50,0,0,8.05000019,"Southampton",1
"R922",0,"3rd","male",24,0,0,7.25,"Queenstown",1
"R923",1,"3rd","male",9,0,2,20.5249996,"Southampton",0
"R924",0,"3rd","male",30,0,0,8.05000019,"Southampton",1
"R925",1,"3rd","female",38,1,5,31.3875008,"Southampton",0
"R926",0,"2nd","male",18,0,0,73.5,"Southampton",1
"R927",1,"1st","female",33,1,0,53.0999985,"Southampton",0
"R928",0,"3rd","male",27,1,0,14.4541998,"Cherbourg",0
"R929",1,"3rd","male",19,0,0,8.05000019,"Southampton",1
"R930",1,"3rd","male",25,1,0,7.7750001,"Southampton",0
"R931",0,"3rd","male",25.10719569,1,0,14.4582996,"Cherbourg",0
"R932",0,"3rd","male",33,0,0,7.85419989,"Southampton",1
"R933",0,"1st","male",33,0,0,26.5499992,"Southampton",1
"R934",1,"3rd","male",25,0,0,7.22919989,"Cherbourg",1
"R935",1,"1st","female",24,0,0,49.5042,"Cherbourg",1
"R936",0,"3rd","male",22,0,0,7.125,"Southampton",1
"R937",0,"3rd","male",25,1,0,7.7750001,"Southampton",0
"R938",0,"3rd","male",32.89787305,0,0,7.75,"Queenstown",1
"R939",0,"3rd","male",33,0,0,7.89580011,"Cherbourg",1
"R940",0,"2nd","male",23,0,0,10.5,"Southampton",1
"R941",1,"2nd","female",20,2,1,23,"Southampton",0
"R942",0,"3rd","male",6,3,1,21.0750008,"Southampton",0
"R943",0,"1st","male",28,0,0,47.0999985,"Southampton",1
"R944",0,"3rd","male",32.89787305,0,0,7.75,"Queenstown",1
"R945",1,"1st","female",52,1,0,78.2667007,"Cherbourg",0
"R946",1,"3rd","female",27,0,2,11.1332998,"Southampton",0
"R947",1,"1st","female",53,2,0,51.4791985,"Southampton",0
"R948",0,"3rd","male",22,0,0,7.79580021,"Southampton",1
"R949",0,"3rd","male",21,0,0,7.89580011,"Southampton",1
"R950",1,"1st","female",24,0,0,69.3000031,"Cherbourg",1
"R951",0,"2nd","male",39,0,0,13,"Southampton",1
"R952",0,"3rd","male",21,0,0,7.25,"Southampton",1
"R953",0,"3rd","male",41,0,0,7.8499999,"Southampton",1
"R954",0,"3rd","male",26,0,0,7.89580011,"Southampton",1
"R955",1,"1st","male",42,0,0,26.2875004,"Southampton",1
"R956",1,"3rd","female",18.454561,2,0,23.25,"Queenstown",0
"R957",1,"1st","female",76,1,0,78.8499985,"Southampton",0
"R958",0,"3rd","male",29,0,0,8.05000019,"Southampton",1
"R959",1,"1st","male",45,0,0,29.7000008,"Cherbourg",1
"R960",0,"3rd","male",28.42336593,0,0,7.7750001,"Southampton",1
"R961",1,"2nd","female",32,0,0,13,"Southampton",1
"R962",0,"3rd","male",33.79621814,0,0,15.5,"Queenstown",1
"R963",1,"2nd","male",19,0,0,10.5,"Southampton",1
"R964",1,"3rd","female",23.75251296,0,0,7.73330021,"Queenstown",1
"R965",1,"1st","female",27,1,1,247.520798,"Cherbourg",0
"R966",0,"3rd","female",30,1,1,24.1499996,"Southampton",0
"R967",1,"1st","female",54,1,0,59.4000015,"Cherbourg",0
"R968",1,"2nd","female",24,1,2,65,"Southampton",0
"R969",1,"1st","female",27,1,2,52,"Southampton",0
"R970",0,"3rd","male",24,0,0,7.49580002,"Southampton",1
"R971",0,"3rd","female",14.5,1,0,14.4541998,"Cherbourg",0
"R972",1,"1st","male",38.88355052,0,0,25.7416992,"Cherbourg",1
"R973",0,"3rd","male",28,0,0,7.79580021,"Southampton",1
"R974",0,"2nd","male",23,1,0,10.5,"Southampton",0
"R975",0,"2nd","male",30,0,0,13,"Southampton",1
"R976",0,"1st","male",41.65018865,0,0,42.4000015,"Southampton",1
"R977",0,"3rd","male",44,0,0,8.05000019,"Southampton",1
"R978",1,"1st","male",6,0,2,134.5,"Cherbourg",0
"R979",0,"3rd","male",22,0,0,7.89580011,"Southampton",1
"R980",0,"3rd","female",18,0,0,6.75,"Queenstown",1
"R981",0,"3rd","male",1,5,2,46.9000015,"Southampton",0
"R982",0,"3rd","male",38.5,0,0,7.25,"Southampton",1
"R983",0,"3rd","female",24.64178708,0,0,7.75,"Queenstown",1
"R984",1,"3rd","male",20,1,0,7.92500019,"Southampton",0
"R985",0,"3rd","male",33,0,0,7.7750001,"Southampton",1
"R986",1,"3rd","male",32,0,0,56.4958,"Southampton",1
"R987",0,"3rd","male",74,0,0,7.7750001,"Southampton",1
"R988",1,"3rd","male",26,0,0,56.4958,"Southampton",1
"R989",1,"3rd","female",13,0,0,7.22919989,"Cherbourg",1
"R990",0,"3rd","male",20,0,0,9.5,"Southampton",1
"R991",0,"3rd","female",37.02816445,0,4,25.4666996,"Southampton",0
"R992",0,"3rd","female",10,5,2,46.9000015,"Southampton",0
"R993",1,"3rd","male",25,0,0,0,"Southampton",1
"R994",1,"1st","female",24,0,0,69.3000031,"Cherbourg",1
"R995",1,"1st","female",40,1,1,134.5,"Cherbourg",0
